date,ret
2021-01-05,0.023190794641622103
2021-01-06,0.043704130291917664
2021-01-07,-7.535610353071043e-05
2021-01-08,-0.010497614743598449
2021-01-11,-0.025163490178110592
2021-01-12,-0.007144435605499155
2021-01-13,-0.03025548563773972
2021-01-14,-0.01141673116991282
2021-01-15,0.01379292757331374
2021-01-19,-0.018700332523433172
2021-01-20,9.362846532368074e-05
2021-01-21,-0.032828592492181397
2021-01-22,0.02166062691945192
2021-01-25,-0.007922637289255019
2021-01-26,-0.028700698159651705
2021-01-27,-0.007856806739079847
2021-01-28,0.03218725042021342
2021-01-29,-0.022571113680612376
2021-02-01,0.013856488977246784
2021-02-02,-0.003785339301644486
2021-02-03,0.015501749867092185
2021-02-04,0.018547507406262653
2021-02-05,0.008638633847052546
2021-02-08,-6.052144639889789e-06
2021-02-09,0.005269916213966663
2021-02-10,0.01497912749975705
2021-02-11,-0.0006445956724445701
2021-02-12,0.004651730971259926
2021-02-16,-0.009141363598700991
2021-02-17,-0.0180816498586448
2021-02-18,-0.011999185240512467
2021-02-19,0.020886347653573
2021-02-22,-0.02690152643299837
2021-02-23,0.010678581821648825
2021-02-24,0.014046895183158492
2021-02-25,-0.006387551528149182
2021-02-26,0.010904254125957191
2021-03-01,0.008899789621913845
2021-03-02,0.0034060501747210647
2021-03-03,-0.02244249935394127
2021-03-04,0.019569398348830758
2021-03-05,-0.007865963987930047
2021-03-08,-0.015314002803780036
2021-03-09,0.02566966581850716
2021-03-10,-0.027285356354877166
2021-03-11,0.011499492932476763
2021-03-12,-0.00393888278610699
2021-03-15,0.009511993787210571
2021-03-16,-0.006165515581331493
2021-03-17,-0.03341083648548537
2021-03-18,0.0036996702232423573
2021-03-19,0.015299080178671431
2021-03-22,0.00393875405842814
2021-03-23,0.023788454709454454
2021-03-24,0.0015098464790692656
2021-03-25,0.010460183554031
2021-03-26,-0.005838360329911252
2021-03-29,-0.005070312344198191
2021-03-30,0.010844558473783739
2021-03-31,0.026944318760568242
2021-04-01,-0.031917953936973165
2021-04-05,-0.0071620674888291935
2021-04-06,-0.00928523435327444
2021-04-07,0.01609609699387593
2021-04-08,-0.0029637975195606625
2021-04-09,0.013888094527038541
2021-04-12,-0.0006994760713078252
2021-04-13,-0.005315792144017895
2021-04-14,0.02020851570626081
2021-04-15,-0.017713619635589595
2021-04-16,0.01514514169928649
2021-04-19,-0.00491936040068186
2021-04-20,-0.004244749461714381
2021-04-21,0.004518132279735854
2021-04-22,0.0006281324007824107
2021-04-23,0.016544850507915543
2021-04-26,-0.0014709988058165813
2021-04-27,0.0008802922013677605
2021-04-28,-0.0013533239276003473
2021-04-29,0.01150738947434049
2021-04-30,-0.01287732221089366
2021-05-03,-0.010027650284791911
2021-05-04,0.02523880337888018
2021-05-05,-0.005613246188281851
2021-05-06,-0.030645818725169915
2021-05-07,0.021276839149450222
2021-05-10,0.0009529599148705437
2021-05-11,-0.03595700443183558
2021-05-12,-0.010607189955959662
2021-05-13,0.0038841325997138743
2021-05-14,-0.019516979513921617
2021-05-17,0.02588216050449299
2021-05-18,-0.014518404192520373
2021-05-19,0.01736421052637227
2021-05-20,-0.011000534642979787
2021-05-21,0.008100796823425682
2021-05-24,-0.017989991564050234
2021-05-25,-0.011824637518991876
2021-05-26,-0.006696770467846114
2021-05-27,0.009305538707733207
2021-05-28,-0.0074461019246574445
2021-06-01,-0.011377158142782395
2021-06-02,-0.029542808273720578
2021-06-03,0.005727662000674094
2021-06-04,-0.013206019970927518
2021-06-07,-0.013821593481671668
2021-06-08,-0.019720822643104152
2021-06-09,-0.0101609818897056
2021-06-10,-0.01744820787266066
2021-06-11,0.0001550205777409719
2021-06-14,-0.021779348411843258
2021-06-15,0.00816109680389876
2021-06-16,-0.007208760246949053
2021-06-17,-0.022737987582369112
2021-06-18,-0.006290688509676734
2021-06-21,0.013659636783945439
2021-06-22,0.00786810653808212
2021-06-23,-0.0028745528757085914
2021-06-24,-0.0038835028430259655
2021-06-25,0.002235567725057175
2021-06-28,-0.022094923473423345
2021-06-29,0.005496060601907216
2021-06-30,-0.0022390751527820996
2021-07-01,0.015236359294830137
2021-07-02,0.01859889601337117
2021-07-06,0.003845652412981071
2021-07-07,0.016296652640392706
2021-07-08,0.005048760985194356
2021-07-09,0.0008377397522134622
2021-07-12,0.006605733396321867
2021-07-13,0.0023273811358299756
2021-07-14,-0.0049881133800689925
2021-07-15,0.017300430243883724
2021-07-16,-0.01170774713632794
2021-07-19,0.0056966673025917736
2021-07-20,0.03795218843370107
2021-07-21,-0.0004457658153141919
2021-07-22,0.007713578136417043
2021-07-23,0.004300226358200598
2021-07-26,0.004274654915343401
2021-07-27,0.001889652917433926
2021-07-28,-0.005388731694374371
2021-07-29,0.008456573734309192
2021-07-30,-0.004651852667610923
2021-08-02,0.008743763853910957
2021-08-03,0.0761001943148123
2021-08-04,-0.0034705115529561903
2021-08-05,-0.036778080097480736
2021-08-06,-0.01522646373497516
2021-08-09,0.013903021583641761
2021-08-10,0.003828571765337907
2021-08-11,0.00971513953393166
2021-08-12,0.01724393812105629
2021-08-13,0.01196673787244662
2021-08-16,0.016660839533536143
2021-08-17,-0.01278600265334584
2021-08-18,-0.010081066623769064
2021-08-19,0.01099568448939503
2021-08-20,-0.00331637233665949
2021-08-23,-0.022939795540351637
2021-08-24,-0.02871903866864345
2021-08-25,0.014216225894575274
2021-08-26,0.009663230296453662
2021-08-27,-0.024247767333427594
2021-08-30,0.018506420083276964
2021-08-31,-0.009056391625600457
2021-09-01,0.0084804040150801
2021-09-02,-0.017736574071264832
2021-09-03,0.028842641962791182
2021-09-07,-0.006764424630181121
2021-09-08,0.011031745852738473
2021-09-09,-0.002213677105495915
2021-09-10,0.0008003241293550456
2021-09-13,-0.02688995592600929
2021-09-14,0.042150431910209285
2021-09-15,0.025465827989137768
2021-09-16,-0.0018089525872474477
2021-09-17,-0.023617822940783073
2021-09-20,0.010051255486822397
2021-09-21,0.009567695351009764
2021-09-22,-0.0014477508780827986
2021-09-23,-0.014171639519029555
2021-09-24,-0.00996522001510003
2021-09-27,-0.02871978201946046
2021-09-28,-0.022301865562538437
2021-09-29,0.016248943988545372
2021-09-30,-0.014087054980166824
2021-10-01,-0.014798663185453864
2021-10-04,0.025379083762193444
2021-10-05,-0.007749583145644778
2021-10-06,0.011502958457437984
2021-10-07,-0.0057170675194023746
2021-10-08,-0.011306363354702142
2021-10-11,-0.001855813877425616
2021-10-12,0.002857336811759925
2021-10-13,0.011976623796108088
2021-10-14,0.004004855521724915
2021-10-15,-0.011460599647382996
2021-10-18,0.027100778113167134
2021-10-19,-0.01386769924988307
2021-10-20,0.013620315452154586
2021-10-21,0.024947522176695713
2021-10-22,0.012434041010813912
2021-10-25,0.013179282250325608
2021-10-26,-0.011845155652501105
2021-10-27,0.0035401230186755672
2021-10-28,0.005418426728045267
2021-10-29,0.01841406885230934
2021-11-01,-0.038437068463822666
2021-11-02,0.023945982690535716
2021-11-03,-0.0010711513563814723
2021-11-04,0.053759991411952646
2021-11-05,-0.044353553666300116
2021-11-08,0.016081357908650284
2021-11-09,0.014351812373752049
2021-11-10,-0.006272147739274536
2021-11-11,0.01304144474084823
2021-11-12,0.0032983477538590655
2021-11-15,-0.030005122417320673
2021-11-16,0.013925109817033654
2021-11-17,0.014390600838220191
2021-11-18,0.047993378297129796
2021-11-19,-0.010223543876952457
2021-11-22,-0.03943810674574988
2021-11-23,0.0148079519113824
2021-11-24,0.0011107602550102236
2021-11-26,0.028942146537969782
2021-11-29,0.02159445517464542
2021-11-30,-0.011248930528631629
2021-12-01,-0.00791218285684514
2021-12-02,-0.05526075682356135
2021-12-03,0.021085901531646467
2021-12-06,-0.0692820724380111
2021-12-07,0.027181535524246847
2021-12-08,-0.05660955290976122
2021-12-09,0.019909753111932993
2021-12-10,0.025659554284187758
2021-12-13,0.008196362057570461
2021-12-14,0.0022516186367878
2021-12-15,0.03688633090954396
2021-12-16,-0.0010876113986223457
2021-12-17,-0.05033216813571395
2021-12-20,-0.004561698108973777
2021-12-21,-0.09596624818593213
2021-12-22,-0.004678660800064738
2021-12-23,-0.02718829793141364
2021-12-27,0.04817468769042277
2021-12-28,-0.0027309839327224195
2021-12-29,0.03491806270158282
2021-12-30,-0.010329467512517954
2021-12-31,0.012723464856065458
2022-01-04,-0.015282650854547275
2022-01-05,-0.0026522436638692914
2022-01-06,-0.0038238412864501914
2022-01-07,0.013055111554493903
2022-01-10,0.040130217384950484
2022-01-11,-0.006669659884137924
2022-01-12,0.018362805379807057
2022-01-13,-0.007133095091809483
2022-01-14,0.001457646924135858
2022-01-18,0.011966757548219409
2022-01-19,0.005233545129181394
2022-01-20,0.008408864924364101
2022-01-21,0.026196934829339158
2022-01-24,-0.009464668545332233
2022-01-25,0.003588356877969323
2022-01-26,-0.004198150149468005
2022-01-27,0.02217126565055394
2022-01-28,-0.0015275705952579877
2022-01-31,-0.027430888542089082
2022-02-01,-0.02235316655048769
2022-02-02,0.008316826351064677
2022-02-03,-0.0035243114616869686
2022-02-04,0.023742047731759364
2022-02-07,0.025296974290108132
2022-02-08,-0.03509113196450109
2022-02-09,-0.010386813126820882
2022-02-10,0.013095389531110557
2022-02-11,0.06637808149745683
2022-02-14,-0.031662824435132686
2022-02-15,-0.03535459091044113
2022-02-16,0.0036605770186652897
2022-02-17,0.009060601149817327
2022-02-18,-0.0034084371895405363
2022-02-22,-0.01133806235429502
2022-02-23,0.05012103342644636
2022-02-24,-0.0385926759396511
2022-02-25,0.007725640720982252
2022-02-28,0.02546676295057737
2022-03-01,0.018687577833270685
2022-03-02,0.02683557629603306
2022-03-03,-0.004457021875250766
2022-03-04,-0.028156973969108212
2022-03-07,0.0021175295368018876
2022-03-08,0.10953980690678056
2022-03-09,-0.025342916883002053
2022-03-10,0.017812965474302445
2022-03-11,0.018916653526238836
2022-03-14,-0.00867506014192121
2022-03-15,-0.05726295322499497
2022-03-16,0.035191189489565344
2022-03-17,0.010193852545622661
2022-03-18,-0.0007203292222202062
2022-03-21,-0.016702114767722098
2022-03-22,0.0006387659316149374
2022-03-23,-0.0004025090671722076
2022-03-24,-0.002995614869790275
2022-03-25,0.009102269872092839
2022-03-28,0.008472690955173778
2022-03-29,0.036291454217761254
2022-03-30,0.01692197400551998
2022-03-31,-0.006454348790985387
2022-04-01,-0.01112303721355512
2022-04-04,-0.007725837237114841
2022-04-05,0.0059816514668007414
2022-04-06,0.018500190862644983
2022-04-07,0.0007302547533898363
2022-04-08,0.017017764675180125
2022-04-11,0.020907499438498123
2022-04-12,0.0011781905228354095
2022-04-13,-0.019687427940706104
2022-04-14,0.012445026393424152
2022-04-18,0.007877151987776498
2022-04-19,-0.018989606295693462
2022-04-20,0.009520941234039793
2022-04-21,-0.003233867810119695
2022-04-22,-0.022864251748654918
2022-04-25,-0.0143137489174342
2022-04-26,0.02980584972387379
2022-04-27,-0.006719820776481922
2022-04-28,0.007496199219441557
2022-04-29,0.023935321053853542
2022-05-02,-0.022790682714547983
2022-05-03,-0.050029605061466365
2022-05-04,-0.012902412706485622
2022-05-05,-0.02924568698347818
2022-05-06,-0.0030123329665906473
2022-05-09,-0.014237271303895183
2022-05-10,0.012096037121788417
2022-05-11,0.01592114277805723
2022-05-12,-0.007955880486748779
2022-05-13,0.007392005460178819
2022-05-16,0.00389218600038288
2022-05-17,-0.007769034648362316
2022-05-18,0.010936737639572591
2022-05-19,-0.010683563077516278
2022-05-20,0.01648081726348316
2022-05-23,-0.003680662394057177
2022-05-24,0.010699926139513538
2022-05-25,-0.03215517497087961
2022-05-26,-0.0017503152179549897
2022-05-27,-0.0010335639725936874
2022-05-31,0.01013100561856528
2022-06-01,0.005616019775901648
2022-06-02,-0.03169698814727506
2022-06-03,0.020405581016950114
2022-06-06,-0.010753383029147856
2022-06-07,0.021380810601750566
2022-06-08,-0.005080333274919746
2022-06-09,-0.013097922202219503
2022-06-10,0.008521926226306098
2022-06-13,-0.007908342487367714
2022-06-14,-0.019665825572472206
2022-06-15,-0.0361993976891839
2022-06-16,-0.0024224670424188854
2022-06-17,-0.03383743640366477
2022-06-21,0.008927779632293298
2022-06-22,-0.028633252809039833
2022-06-23,-0.04282220832733741
2022-06-24,-0.032164605031020366
2022-06-27,0.05097633346683761
2022-06-28,0.07063768784134217
2022-06-29,-0.037617971187622445
2022-06-30,-0.007373068993097753
2022-07-01,0.023714524294408568
2022-07-05,-0.0021079254448207463
2022-07-06,-0.0317164013590302
2022-07-07,0.02547964439483219
2022-07-08,-0.019740308287533148
2022-07-11,-0.011538262720348968
2022-07-12,-0.0015572885145559434
2022-07-13,0.006510344964419268
2022-07-14,-0.007864165102687393
2022-07-15,-0.017794604509127843
2022-07-18,0.02973788452864068
2022-07-19,0.00019630654324620522
2022-07-20,0.02577892597978404
2022-07-21,0.008894750758274395
2022-07-22,0.01744303754387455
2022-07-25,-0.001686841257264815
2022-07-26,-0.0037867231185134687
2022-07-27,0.029356361330022285
2022-07-28,0.0003543408374944157
2022-07-29,0.01852316073073368
2022-08-01,-0.007798223347637356
2022-08-02,0.011407325019992864
2022-08-03,-0.0035017613000478676
2022-08-04,-0.012909864486073674
2022-08-05,-0.01605043772628445
2022-08-08,6.883638909127576e-05
2022-08-09,0.007983923411174043
2022-08-10,-0.01191481921572779
2022-08-11,-0.005975204372451692
2022-08-12,0.006100526491755076
2022-08-15,0.000928254016095531
2022-08-16,0.0003604810162514127
2022-08-17,0.009767968001805238
2022-08-18,0.011040575435529165
2022-08-19,0.00432522255433887
2022-08-22,0.009929975476085762
2022-08-23,0.005734611969207437
2022-08-24,-0.009175882392094992
2022-08-25,-0.018835547954128562
2022-08-26,0.008309584279533544
2022-08-29,-0.00492238139149026
2022-08-30,0.007968938454378183
2022-08-31,-0.016841657249355158
2022-09-01,0.010604265215457875
2022-09-02,-0.0043410601729310105
2022-09-06,0.0007737723886895864
2022-09-07,0.004092124903470218
2022-09-08,-0.013656687768539344
2022-09-09,0.012346683255817226
2022-09-12,0.008136507397068948
2022-09-13,-0.012373412680358742
2022-09-14,-0.025739874018453124
2022-09-15,-0.013231569410551258
2022-09-16,-0.008955160934274176
2022-09-19,0.004530593004592909
2022-09-20,0.002237771902937391
2022-09-21,0.0009594488608510865
2022-09-22,0.019020696982507967
2022-09-23,0.008315061142876612
2022-09-26,-0.009934773813428444
2022-09-27,-0.004528190487636308
2022-09-28,-0.01579854404140657
2022-09-29,-0.010910949952722016
2022-09-30,0.008685212907110218
2022-10-03,-0.024219083497547755
2022-10-04,0.033382361418711204
2022-10-05,0.008158901468343194
2022-10-06,-0.02102021160870804
2022-10-07,-0.008492532191323399
2022-10-10,-0.042074773775846896
2022-10-11,0.0158653846914365
2022-10-12,0.0011049193281256198
2022-10-13,0.0016804639784999686
2022-10-14,-0.005686644423009812
2022-10-17,0.017739932065399477
2022-10-18,0.012656969463492151
2022-10-19,-0.0028418120194350083
2022-10-20,-0.008533754235846902
2022-10-21,-0.009839199726252024
2022-10-24,-0.027804433158150177
2022-10-25,0.027733159009616815
2022-10-26,0.01653533300749821
2022-10-27,-0.016015967204801362
2022-10-28,-0.0035851874704080355
2022-10-31,0.020605871799081354
2022-11-01,0.019686699969298838
2022-11-02,-0.015919242914581244
2022-11-03,-0.02154404935505183
2022-11-04,-0.0003085649101537413
2022-11-07,-0.0023695471897939857
2022-11-08,0.015883035902547027
2022-11-09,0.014042021434601315
2022-11-10,0.03522153409244089
2022-11-11,0.06366164983099587
2022-11-14,-0.023595022987908276
2022-11-15,0.0034668199537331024
2022-11-16,-0.020553404891477056
2022-11-17,-0.02292061957260616
2022-11-18,-0.004898876958980725
2022-11-21,-0.007694986030902573
2022-11-22,0.0053353376641980255
2022-11-23,0.0004117975875670421
2022-11-25,-0.006355625502919127
2022-11-28,-0.007864706085626283
2022-11-29,0.010731565642168706
2022-11-30,0.008916636943725909
2022-12-01,0.010213621817946494
2022-12-02,0.0011856210338183626
2022-12-05,0.004528461654291771
2022-12-06,-0.011042132249821757
2022-12-07,-0.0010022661873316796
2022-12-08,-0.020642793348058408
2022-12-09,0.022485118702385343
2022-12-12,-0.0052484364970536435
2022-12-13,-0.017145582357133482
2022-12-14,0.003674882796343759
2022-12-15,0.004048751137391449
2022-12-16,-0.03166132667316501
2022-12-19,0.0076765735173003335
2022-12-20,0.0021832935793708597
2022-12-21,-0.010339963706290312
2022-12-22,-0.008351407847568826
2022-12-23,0.00036780295801275287
2022-12-27,0.008533910562121383
2022-12-28,0.007315202436464441
2022-12-29,0.015174369544479482
2022-12-30,0.009206837372842225
2023-01-04,0.05028847159730465
2023-01-05,0.004693560406483055
2023-01-06,-0.008978578166165208
2023-01-09,0.05104143510928094
2023-01-10,0.006222461275990021
2023-01-11,0.028352956691023
2023-01-12,0.01233047241319718
2023-01-13,0.017442671510484953
2023-01-17,0.006214626874069706
2023-01-18,-0.007540286721612666
2023-01-19,-0.015699397331557674
2023-01-20,0.02168361325024315
2023-01-23,0.021535693021474067
2023-01-24,-0.014279747331400805
2023-01-25,0.0028127791090291066
2023-01-26,0.0005186398262710945
2023-01-27,0.008269742673470581
2023-01-30,-0.020711341310530096
2023-01-31,0.01453498649328444
2023-02-01,0.02863129341544357
2023-02-02,0.07175346701818097
2023-02-03,-0.03022665882457698
2023-02-06,-0.04003353517395414
2023-02-07,0.0036602927925206696
2023-02-08,-0.03439810872209359
2023-02-09,-0.0429524497603847
2023-02-10,-0.010260918277667175
2023-02-13,0.03240726053419185
2023-02-14,0.004747768102504546
2023-02-15,0.028399493285019117
2023-02-16,0.007993364427964167
2023-02-17,-0.016747353574585122
2023-02-21,-0.02640354664185174
2023-02-22,0.007944692775809559
2023-02-23,0.016363493737880264
2023-02-24,-0.010263408496479776
2023-02-27,0.007935640245466447
2023-02-28,0.02685314777151815
2023-03-01,-0.018137403645481553
2023-03-02,0.028485472749427032
2023-03-03,0.016328865704279272
2023-03-06,-0.026559816119050006
2023-03-07,0.012880384803150458
2023-03-08,-0.00849627503169681
2023-03-09,-0.004080300670878834
2023-03-10,-0.004448056380232934
2023-03-13,0.049173200836132525
2023-03-14,-0.00837733646500849
2023-03-15,-0.0035028335159608126
2023-03-16,0.0006657235339007084
2023-03-17,-0.017028778815737056
2023-03-20,-0.010392146517751333
2023-03-21,0.007602389609051796
2023-03-22,-0.018313811762134757
2023-03-23,-0.022313962583094038
2023-03-24,0.00909135643993686
2023-03-27,0.017714613743724295
2023-03-28,-0.01246406132307365
2023-03-29,0.00022875537998112705
2023-03-30,0.003070367676265562
2023-03-31,0.01111725425524801
2023-04-03,-0.028359800739076846
2023-04-04,-0.011632063856233166
2023-04-05,-0.006887096603079068
2023-04-06,0.008695552220007619
2023-04-10,0.01219031150768135
2023-04-11,0.014045221583731449
2023-04-12,-0.030534304365322562
2023-04-13,0.008352039343393347
2023-04-14,-0.018494611740034195
2023-04-17,0.015832403366790704
2023-04-18,-0.010028595525616968
2023-04-19,0.04727936217184059
2023-04-20,0.010498294791783769
2023-04-21,0.010269980174161475
2023-04-24,0.004385539779077741
2023-04-25,-0.018518217165732764
2023-04-26,-0.016043322816865824
2023-04-27,0.01481444094526485
2023-04-28,0.013159621965562751
2023-05-01,-0.007864182896790695
2023-05-02,-0.018119852336476394
2023-05-03,0.0309408897339587
2023-05-04,-0.008737280866040198
2023-05-05,0.062433078591650704
2023-05-08,-0.00025901464885413894
2023-05-09,-0.003798896169569521
2023-05-10,-0.0085380430399008
2023-05-11,-0.016520658086146223
2023-05-12,-0.012891183445341903
2023-05-15,0.05086994484092733
2023-05-16,-0.0190295130312369
2023-05-17,0.024268742298913626
2023-05-18,0.018791793065669138
2023-05-19,-0.012833321922120056
2023-05-22,0.038961097807341805
2023-05-23,0.02284884754998573
2023-05-24,-0.01563722360416997
2023-05-25,-0.011896166494157145
2023-05-26,0.02940067121385037
2023-05-30,0.01745001338858687
2023-05-31,-0.002707944087488534
2023-06-01,0.0007536140506474442
2023-06-02,-0.0033303606137398134
2023-06-05,-0.01658565842149695
2023-06-06,-0.001053072096639518
2023-06-07,0.01917979163406347
2023-06-08,-0.013904830040505356
2023-06-09,-0.015205714036180762
2023-06-12,0.010212179281857914
2023-06-13,0.009814064127786848
2023-06-14,-0.014213601420797639
2023-06-15,0.0243736935161305
2023-06-16,0.009466781822823123
2023-06-20,-0.005959450559335777
2023-06-21,-0.02323301376123388
2023-06-22,-0.02091327792719455
2023-06-23,0.0014655616550898198
2023-06-26,0.014803860357862852
2023-06-27,0.02795744316292259
2023-06-28,0.004800841121460397
2023-06-29,-0.00933400957324848
2023-06-30,-0.004887706676182879
2023-07-03,0.019425592986350715
2023-07-05,-0.012583173316279783
2023-07-06,0.0025324143363700813
2023-07-07,0.01881598822969366
2023-07-10,-0.008480328535134585
2023-07-11,0.03991559021838831
2023-07-12,-0.018364421921588714
2023-07-13,0.009850995972306542
2023-07-14,-0.021852182241961726
2023-07-17,-0.021637028433638794
2023-07-18,0.021002070773996184
2023-07-19,0.019386228430082086
2023-07-20,0.012633644359245633
2023-07-21,-0.002880936944401502
2023-07-24,0.010857264545033996
2023-07-25,-0.0043366049616198055
2023-07-26,0.021947764033197092
2023-07-27,0.017082420038196933
2023-07-28,-0.012125275599817686
2023-07-31,0.00477766365709309
2023-08-01,-0.00552499975015297
2023-08-02,-0.06984852372258898
2023-08-03,-0.039773267882650565
2023-08-04,0.023878816309422346
2023-08-07,-0.016910103030689405
2023-08-08,0.01353874390493437
2023-08-09,0.025558623948036985
2023-08-10,0.00038106620552524895
2023-08-11,0.0016183850362192498
2023-08-14,-0.00044743942266123327
2023-08-15,-0.007991502762437097
2023-08-16,-0.005624901158880147
2023-08-17,0.011173422130082766
2023-08-18,0.0025144495211013584
2023-08-21,-0.00650743417705657
2023-08-22,-0.011091705938673924
2023-08-23,-0.012561410772308435
2023-08-24,0.006438019903777237
2023-08-25,-0.01132164914607825
2023-08-28,0.010625426896901491
2023-08-29,-0.007157080053232678
2023-08-30,-0.01703667512420659
2023-08-31,-0.005598741461321555
2023-09-01,0.010319408939716057
2023-09-05,-0.022601309652277357
2023-09-06,-0.005103173204161204
2023-09-07,0.0016943955295938284
2023-09-08,-0.015817047555184538
2023-09-11,-0.010780183512700492
2023-09-12,0.026966456500179925
2023-09-13,-0.028198455022418245
2023-09-14,-0.016436549618069285
2023-09-15,0.01859023967582174
2023-09-18,-0.003763208629405934
2023-09-19,-0.013380185099701403
2023-09-20,0.010919671640176487
2023-09-21,0.011467051169914422
2023-09-22,0.005292260188852316
2023-09-25,0.0021812272688459533
2023-09-26,0.009279598363449937
2023-09-27,-6.923902915900726e-05
2023-09-28,-0.011060113821951933
2023-09-29,0.0030836596184498077
2023-10-02,-0.021184349159396043
2023-10-03,0.020732013492503976
2023-10-04,-0.021053655258419957
2023-10-05,-0.004021796003700229
2023-10-06,-0.022907696796921395
2023-10-09,-0.0007461353805824356
2023-10-10,0.005192699047258165
2023-10-11,-0.00952092805490401
2023-10-12,-0.007426607791442774
2023-10-13,0.00440106574195398
2023-10-16,0.009544441310509466
2023-10-17,0.009854693639599121
2023-10-18,0.009509788977468903
2023-10-19,-0.01866624511273307
2023-10-20,-0.0029460422094559346
2023-10-23,-0.010313834678990164
2023-10-24,0.01463795088573483
2023-10-25,-0.006703516025482914
2023-10-26,0.04567304690817631
2023-10-27,0.00030142745414662997
2023-10-30,-0.011224938494265424
2023-10-31,0.015329681916589566
2023-11-01,-0.016829742273457904
2023-11-02,0.0076627470501398065
2023-11-03,0.026818303337006633
2023-11-06,-0.022720918948858526
2023-11-07,0.024088246948620107
2023-11-08,0.02204289230910006
2023-11-09,-0.015587682926216373
2023-11-10,0.00732382917731722
2023-11-13,-0.0026787361172854185
2023-11-14,0.05683703288444519
2023-11-15,0.00862556731637909
2023-11-16,-0.0007535364582086368
2023-11-17,0.019484136736694024
2023-11-20,0.01731397888119557
2023-11-21,-0.015108311508324257
2023-11-22,0.014731238553933546
2023-11-24,-0.0032657734506296165
2023-11-27,-0.00400113368124333
2023-11-28,0.012049075975341328
2023-11-29,0.02187614317194253
2023-11-30,-0.0002321832481955166
2023-12-01,0.019726114225775415
2023-12-04,0.01394693513401557
2023-12-05,-0.02791953723828189
2023-12-06,0.01251558166182809
2023-12-07,0.002348954475166698
2023-12-08,0.0009066109298134784
2023-12-11,-0.0015593535014956084
2023-12-12,-0.008952756837083298
2023-12-13,-0.029348257262990507
2023-12-14,0.0642790656126524
2023-12-15,-0.017084794260703307
2023-12-18,-0.025871383994274466
2023-12-19,0.01873143154168866
2023-12-20,-0.0007490493750953453
2023-12-21,0.016951919658142023
2023-12-22,-0.0027619573531521002
2023-12-26,-0.010436193546657702
2023-12-27,-0.009170337806532647
2023-12-28,0.00467919326523325
2023-12-29,-0.013847224481061682
2024-01-03,0.04562179681545908
2024-01-04,0.004972774183709783
2024-01-05,-0.016889765420018077
2024-01-08,-0.004707613044309333
2024-01-09,-0.001885076351406223
2024-01-10,0.0214562405144485
2024-01-11,0.02625344519511663
2024-01-12,0.00024039771095130114
2024-01-16,0.024914428899383445
2024-01-17,0.02383682281588051
2024-01-18,-0.018886406488097363
2024-01-19,0.006740800764943655
2024-01-22,-0.010747470554674843
2024-01-23,0.0007645386007297805
2024-01-24,0.01332986075587228
2024-01-25,-0.028130239535504642
2024-01-26,0.007112318641462334
2024-01-29,-0.018529766964422878
2024-01-30,0.023387722816788248
2024-01-31,0.011133492513151655
2024-02-01,-0.02119463304625213
2024-02-02,-0.007156111406359522
2024-02-05,-0.016747580399169237
2024-02-06,0.008890022839174616
2024-02-07,0.00040484542724184003
2024-02-08,0.008774943747013264
2024-02-09,0.013777626105371255
2024-02-12,0.011409316793649316
2024-02-13,-0.01228084632287052
2024-02-14,0.005868820786548712
2024-02-15,0.07168571198195162
2024-02-16,-0.003337599936760749
2024-02-20,-0.003995370315275082
2024-02-21,-0.005550528466103044
2024-02-22,-0.015816847374947263
2024-02-23,-0.017742623568482663
2024-02-26,-0.006997633153478788
2024-02-27,-0.015821625673705264
2024-02-28,-0.009207153089631714
2024-02-29,0.009459786495289668
2024-03-01,-0.0024481087821959235
2024-03-04,-0.00170482606849498
2024-03-05,-0.003894330239817889
2024-03-06,-0.00753904001362915
2024-03-07,0.004162779591949883
2024-03-08,0.02493371137421141
2024-03-11,0.02359350996252574
2024-03-12,-0.018177488446333823
2024-03-13,0.010719534413133891
2024-03-14,-0.0054729762020170325
2024-03-15,-0.006171554113493127
2024-03-18,-0.0007593764234715694
2024-03-19,-0.015065111204793147
2024-03-20,0.013498810479611434
2024-03-21,-0.013222272440882255
2024-03-22,-0.010533679574599164
2024-03-25,0.0020559215988609214
2024-03-26,0.0023891106264328776
2024-03-27,0.02880103587770866
2024-03-28,0.0007343064367770769
2024-04-01,-0.010215098556571434
2024-04-02,-0.021518888113412182
2024-04-03,-0.04904027263618416
2024-04-04,0.008789452583181312
2024-04-05,-0.02950699630191811
2024-04-08,0.0038028347732967926
2024-04-09,0.00884946148763821
2024-04-10,-0.021856286375913303
2024-04-11,-0.11072628251637717
2024-04-12,0.04167673586636966
2024-04-15,0.01701173721128968
2024-04-16,0.002146815548180969
2024-04-17,0.03333427385385357
2024-04-18,0.012611944826159904
2024-04-19,0.010034290258323253
2024-04-22,0.0019174076600896317
2024-04-23,-0.006552643377794931
2024-04-24,0.0033507599188642434
2024-04-25,-0.022611168386818425
2024-04-26,-0.011812512826667954
2024-04-29,0.00010953745416530936
2024-04-30,-0.014172871526678454
2024-05-01,0.019694756910196398
2024-05-02,0.00032717275832583326
2024-05-03,-0.003564528093215058
2024-05-06,-0.019366208665893003
2024-05-07,0.015507600709423475
2024-05-08,-0.016738400114201246
2024-05-09,0.01194168072445545
2024-05-10,0.014099144759277538
2024-05-13,-0.0013447347624634398
2024-05-14,-0.012005676313009306
2024-05-15,-0.005393210838741447
2024-05-16,0.005345626225920386
2024-05-17,-0.015130691475665481
2024-05-20,-0.033154494730858075
2024-05-21,-0.036831713628734275
2024-05-22,0.005804317461986175
2024-05-23,0.02200809008684268
2024-05-24,-0.01587594686736027
2024-05-28,0.004568176101239274
2024-05-29,-0.013457950128637375
2024-05-30,0.0031413939346127684
2024-05-31,0.037211020687077045
2024-06-03,-0.007604207695740883
2024-06-04,0.01827431303209015
2024-06-05,-0.026298105138108263
2024-06-06,0.008368745274310418
2024-06-07,0.017469057480778982
2024-06-10,-0.02952267001651132
2024-06-11,-0.008589479920641852
2024-06-12,-0.014985368585583747
2024-06-13,0.002966951968130127
2024-06-14,0.04724650018959409
2024-06-17,0.013666034147839179
2024-06-18,-0.00273295350298286
2024-06-20,0.0558160255635376
2024-06-21,0.03331209329914353
2024-06-24,-0.009317209933875081
2024-06-25,0.004932759501409922
2024-06-26,0.028507522839504862
2024-06-27,0.0218530528890446
2024-06-28,0.04593690851600174
2024-07-01,-0.007181858918985151
2024-07-02,-0.013956356448409868
2024-07-03,-0.004079975831449589
2024-07-05,-0.01463400215506716
2024-07-08,0.038091990604641524
2024-07-09,-0.01888797054353819
2024-07-10,0.026076106949922906
2024-07-11,0.02361420508718437
2024-07-12,0.01541628507981141
2024-07-15,-0.02738530879608092
2024-07-16,0.022742311512094826
2024-07-17,-0.013733351233154778
2024-07-18,0.021420292618196113
2024-07-19,-0.020100374791438225
2024-07-22,0.018164105168744005
2024-07-23,-0.019101174137180266
2024-07-24,0.06620940150663657
2024-07-25,0.00538907544030609
2024-07-26,-0.007513503869612914
2024-07-29,-0.002325448506128369
2024-07-30,-0.018173221019198826
2024-07-31,0.01785109858900391
2024-08-01,-0.04567197059767414
2024-08-02,0.007073482524191599
2024-08-05,0.01765930389337811
2024-08-06,0.015872340722367984
2024-08-07,-0.005269576951218435
2024-08-08,0.01588715851313105
2024-08-09,0.002739761943318708
2024-08-12,0.020257301228040037
2024-08-13,-0.006590039940074455
2024-08-14,0.00881847044851547
2024-08-15,0.006911591029449937
2024-08-16,0.00719196871845007
2024-08-19,0.0015900075963988236
2024-08-20,0.007836086564730449
2024-08-21,-0.013612799058014158
2024-08-22,0.0015074781118400438
2024-08-23,-0.03318167324721355
2024-08-26,-0.0019664649587456395
2024-08-27,0.0014893194705118962
2024-08-28,-0.010235448778482037
2024-08-29,0.01325002847150114
2024-08-30,0.0006696314311986917
2024-09-03,0.004841671561040206
2024-09-04,0.002897024204194798
2024-09-05,0.011042637234921715
2024-09-06,-0.003222876476093428
2024-09-09,0.0005801532835381096
2024-09-10,-0.0018786114727586956
2024-09-11,-0.0033992697289778606
2024-09-12,0.00043889380954698076
2024-09-13,0.0013417268247872816
2024-09-16,0.0043678775442728135
2024-09-17,0.010484876785705532
2024-09-18,-0.0020354441607809415
2024-09-19,0.0021920119975062935
2024-09-20,-0.010050229289500723
2024-09-23,0.0027567815235658433
2024-09-24,0.016672897301925227
2024-09-25,0.00929389013489601
2024-09-26,0.039423844201790015
2024-09-27,0.033377768412626185
2024-09-30,-0.030285550244248727
2024-10-01,0.00795333709788748
2024-10-02,-0.015368572376923573
2024-10-03,-0.012615087172843764
2024-10-04,-0.013644515234776833
2024-10-07,-0.013435145162766893
2024-10-08,0.011202618595643088
2024-10-09,0.018263478889077422
2024-10-10,-0.006118249431739775
2024-10-11,0.009972552003324475
2024-10-14,0.011768768000389507
2024-10-15,0.03184104590765413
2024-10-16,0.0011886523293558326
2024-10-17,0.010753984853528076
2024-10-18,-0.0012147847280070678
2024-10-21,0.0009306633257046837
2024-10-22,0.026969711390698814
2024-10-23,0.004584036705022054
2024-10-24,-0.03520467618191747
2024-10-25,-0.013072402809820916
2024-10-28,0.0152637508700193
2024-10-29,-0.005120955246379788
2024-10-30,0.06901135958858862
2024-10-31,0.03141741271580867
2024-11-01,0.004262627234232985
2024-11-04,-0.012383669199810043
2024-11-05,-0.01511643001785723
2024-11-06,-0.04263283673076956
2024-11-07,0.01697170363030054
2024-11-08,-0.05095532497207145
2024-11-11,-0.024829923589016478
2024-11-12,0.002040287032568866
2024-11-13,-0.02517205045170212
2024-11-14,0.04550802245684071
2024-11-15,-0.01462031121580687
2024-11-18,-0.009440807685204167
2024-11-19,-0.022261376547962564
2024-11-20,0.0035433812227705364
2024-11-21,-0.00591347803627118
2024-11-22,-0.021632108916255555
2024-11-25,0.028934133632011694
2024-11-26,-0.01223950491234238
2024-11-27,0.005910512883998242
2024-11-29,-0.01193127157944418
2024-12-02,0.025079538170196924
2024-12-03,0.009264718415450401
2024-12-04,-0.004421102339641658
2024-12-05,-0.007910316703077513
2024-12-06,-0.011210196125641003
2024-12-09,0.0017626133569266234
2024-12-10,0.007505257079189809
2024-12-11,-0.0330746255481823
2024-12-12,0.005679046107619712
2024-12-13,-0.014970489485790162
2024-12-16,-0.030079055398070098
2024-12-17,-0.010146398723986372
2024-12-18,0.030817480073149994
2024-12-19,0.007852524249875259
2024-12-20,0.007772574890144046
2024-12-23,-0.004729479825970828
2024-12-24,-0.0215461630358893
2024-12-26,0.007692698630241024
2024-12-27,0.017737892565488966
2024-12-30,0.00807833417608661
2024-12-31,0.012127526482776707
2025-01-03,-0.003834253639467322
2025-01-06,-0.008635336926235526
2025-01-07,0.010896723678833986
2025-01-08,-0.008264757694929958
2025-01-10,-0.010900574026965648
2025-01-13,-0.00023817256866054404
2025-01-14,0.02302384339401664
2025-01-15,0.031293097168695994
2025-01-16,-0.012403778750461947
2025-01-17,-0.004586397426447619
2025-01-21,-0.021975562043447527
2025-01-22,0.00532208244709742
2025-01-23,-0.018468607066264298
2025-01-24,-0.01676154071209701
2025-01-27,0.06418714707156581
2025-01-28,-0.04018595852820983
2025-01-29,-0.0072057684247487375
2025-01-30,-0.024989157523556904
2025-01-31,0.020496622369134743
2025-02-03,-0.006397972665939777
2025-02-04,-0.004661632168081131
2025-02-05,0.009161000449716905
2025-02-06,-0.03856867612586523
2025-02-07,0.04989828358975257
2025-02-10,0.01701812999923158
2025-02-11,-0.02971567265778763
2025-02-12,-0.016771262110272467
2025-02-13,0.003709068291644746
2025-02-14,6.308424778489474e-05
2025-02-18,0.01914035377653578
2025-02-19,0.010160773208001128
2025-02-20,0.02629491406034279
2025-02-21,-0.0007969434301485778
2025-02-24,-0.011861518489814316
2025-02-25,-0.02229812677226317
2025-02-26,0.02010078197561027
2025-02-27,-0.06142196973743175
2025-02-28,-0.0021984894049543735
2025-03-03,-0.026881618089407255
2025-03-04,-0.00040022817000506805
2025-03-05,0.013275731958496628
2025-03-06,-0.02481262731249656
2025-03-07,0.023678390210164935
2025-03-10,0.0013816739658940591
2025-03-11,0.03391317393288129
2025-03-12,0.01870083686531654
2025-03-13,-0.008994630324338337
2025-03-14,0.022579196296298676
2025-03-17,0.006434054165690872
2025-03-18,-0.0033423176600371196
2025-03-19,0.011260411982261687
2025-03-20,0.005853186913162167
2025-03-21,0.00018154248994828315
2025-03-24,0.0018927057335684783
2025-03-25,-0.023034183170941636
2025-03-26,-0.015919878603430693
2025-03-27,-0.024274284708824978
2025-03-28,-0.003755867218094955
2025-03-31,-0.006869335658927667
2025-04-01,0.0005498622839759104
2025-04-02,0.038356683128038416
2025-04-03,-0.13138335641592447
2025-04-04,-0.009882049611552701
2025-04-07,0.04944897377710111
2025-04-08,-0.005945734431425875
2025-04-09,0.15595759336498483
2025-04-10,-0.09134657050124495
2025-04-11,0.016502857758881495
2025-04-14,-0.012442501483142632
2025-04-15,0.012099360634381773
2025-04-16,-7.540055795240974e-05
2025-04-17,-0.002202114705118108
2025-04-21,-0.01227269544914178
2025-04-22,0.004678434986536528
2025-04-23,0.04064990468020779
2025-04-24,0.042204002801497165
2025-04-25,-0.009287099075876881
2025-04-28,-0.0014830940326036046
2025-04-29,-0.0036404828677616408
2025-04-30,-0.021006970359865096
2025-05-01,0.02549654547292013
2025-05-02,0.02018722429926334
2025-05-05,-0.011775621498142042
2025-05-06,-0.010340859483110587
2025-05-07,-0.021067115570030936
2025-05-08,0.05431588902587792
2025-05-09,0.007095712289656442
2025-05-12,0.03760603960894482
2025-05-13,-0.036492510419425694
2025-05-14,-0.0061799642825642875
2025-05-15,-0.06972441300555365
2025-05-16,0.018670374673423584
2025-05-19,-0.005526652946838628
2025-05-20,-0.01290009308066542
2025-05-21,-0.03549936577520374
2025-05-22,-0.05171338087857602
2025-05-23,-0.004364548134736301
2025-05-27,0.014113450715628417
2025-05-28,-0.009182893230433642
2025-05-29,0.007365386987973732
2025-05-30,0.009641820502092946
2025-06-02,-0.02568799627362861
2025-06-03,0.02407741105894856
2025-06-04,0.01885645240135503
2025-06-05,0.001409634495017631
2025-06-06,0.005446728457841887
2025-06-09,0.019465191298019047
2025-06-10,0.04233638278991014
2025-06-11,-0.01047315672234006
2025-06-12,-0.022041622249503012
2025-06-13,-0.010139401745346222
2025-06-16,-0.00022774665782121506
2025-06-17,-0.06892727146187949
2025-06-18,0.0038947181933404185
2025-06-20,0.013585153862418764
2025-06-23,-0.0032946618391854754
2025-06-24,0.039060830033195826
2025-06-25,-6.547835012027381e-05
2025-06-26,-0.008443236611516913
2025-06-27,-0.008165956773643956
2025-06-30,-0.0009095817032529485
2025-07-01,0.06100493533385931
2025-07-02,-0.05431284094410427
2025-07-03,-0.0033976291410324766
2025-07-07,0.005879276540564193
2025-07-08,0.0226272608083653
2025-07-09,-0.02376910710195601
2025-07-10,-0.03563049087733405
2025-07-11,-0.03102842645246695
2025-07-14,0.005777349741102222
2025-07-15,0.01715731601489745
2025-07-16,0.01976863097446202
2025-07-17,-0.01952187697846186
2025-07-18,-0.025726584735759284
2025-07-21,0.02547300709933409
2025-07-22,0.005328068344778725
2025-07-23,-0.020107422467055214
2025-07-24,0.02743463020336323
2025-07-25,-0.023923819949023484
2025-07-28,-0.0264998401004507
2025-07-29,0.011735915849721668
2025-07-30,-0.08203159133252591
2025-07-31,-0.03292653673836732
2025-08-01,-0.010222092987854703
2025-08-04,-0.024820588988283876
2025-08-05,0.0021070124310358374
2025-08-06,0.0539082415358243
2025-08-07,-0.021518248427513043
2025-08-08,-0.015027692122694392
2025-08-11,-0.0010842403190229888
2025-08-12,0.003048129929294152
2025-08-13,0.008212525488558775
2025-08-14,0.01970386309350025
2025-08-15,0.02728560284391235
2025-08-18,0.002631812773014275
2025-08-19,0.03062910174893485
2025-08-20,0.01071260837001975
2025-08-21,-0.0027570301737190883
2025-08-22,-0.00911934707446449
2025-08-25,0.006530536298202216
2025-08-26,0.0008498887354710938
2025-08-27,0.002745815260170925
2025-08-28,4.141744235108824e-05
2025-08-29,0.026204806098790945
2025-09-02,-0.002651140394448359
2025-09-03,-0.012063357738760105
2025-09-04,-0.019337333577964744
2025-09-05,-0.0007465405150847149
2025-09-08,-0.0020392959767834284
2025-09-09,0.007084400129715229
2025-09-10,-0.01660770410036827
2025-09-11,0.0031162648994487174
2025-09-12,-0.006330436818788976
2025-09-15,-0.029358712277473442
2025-09-16,-0.0008425794512433304
2025-09-17,0.018535763849074183
2025-09-18,0.004542329578131943
2025-09-19,0.0023317334585108984
2025-09-22,-0.015359395163629608
2025-09-23,0.005094328680592453
2025-09-24,0.0044107648503795005
2025-09-25,-0.0069858799279414185
2025-09-26,0.020110343724148327
2025-09-29,-0.03706833480495464
2025-09-30,-0.038921357029935266
2025-10-01,-0.05261544348835956
2025-10-02,0.0006559369526697445
2025-10-03,0.011780150088516628
2025-10-06,-0.015586367882555074
2025-10-07,0.046788895277314335
2025-10-08,-0.000982854176996284
2025-10-09,0.014908329165101541
2025-10-10,0.013637932052503077
2025-10-13,-0.035788203839282384
2025-10-14,0.04651208501718096
2025-10-15,-0.04545967303393883
2025-10-16,-0.01835429152720114
2025-10-17,0.02047346911084924
2025-10-20,0.014157072305598817
2025-10-21,0.03390236916383582
2025-10-22,0.0022140752577071154
2025-10-23,-0.0263664299410159
2025-10-24,0.01109009968108321
2025-10-27,0.008688091630916439
2025-10-28,-0.01550862467551628
2025-10-29,-0.1374460584309013
2025-10-30,-0.01693446403530474
2025-10-31,-0.04941798245848139
2025-11-03,-0.04030946722076412
2025-11-04,0.031199691420190856
2025-11-05,-0.05114983460548794
2025-11-06,-0.01583022356010333
2025-11-07,0.019239482203553537
2025-11-10,-0.04769350878519407
2025-11-11,0.0063962342976104924
2025-11-12,0.03327523185408654
2025-11-13,0.04034361492809446
2025-11-14,-0.0017597713403607607
2025-11-17,-0.03627549819597509
2025-11-18,0.028628148727726677
2025-11-19,-0.037685390195562274
2025-11-20,0.04924762925853288
2025-11-21,0.014632591875449963
2025-11-24,-0.07834149746735086
2025-11-25,-0.008431340530015374
2025-11-26,-0.02383824126983125
2025-11-28,-0.012352574891927537
2025-12-01,0.005587523524237303
2025-12-02,0.00810615620148658
2025-12-03,-0.002937701257883729
2025-12-04,0.0011104787894331558
2025-12-05,-0.015555497999639845
2025-12-08,0.01246736771238699
2025-12-09,-0.02598989797766804
2025-12-10,-0.010530379413674407
2025-12-11,0.04616022481377846
2025-12-12,0.034201685501193735
2025-12-15,0.006687819823927743
2025-12-16,-0.004441860308148193
2025-12-17,0.03505731673494994
2025-12-18,-0.009218490618260078
2025-12-19,0.0025446416321848186
2025-12-22,-0.008946648966407622
2025-12-23,-0.014687906175761434
2025-12-24,0.006261269238822864
2025-12-26,-0.007375100279159441
2025-12-29,0.0010852221856845201
2025-12-30,0.009059193369111318
2025-12-31,0.0009262020738705079
